<?xml version="1.0" encoding="UTF-8"?>
<metadata xml:lang="es"><Esri><CreaDate>20180526</CreaDate><CreaTime>11451000</CreaTime><ArcGISFormat>1.0</ArcGISFormat><SyncOnce>FALSE</SyncOnce><DataProperties><itemProps><itemLocation><linkage Sync="TRUE">file://\\192.168.193.64\RiesgoAtlas\Cartografìa\Shape\Catastro\Colonias_TlalpanIGg</linkage><protocol Sync="TRUE">Local Area Network</protocol></itemLocation><itemName Sync="TRUE">Colonias_TlalpanIGg</itemName><imsContentType Sync="TRUE">002</imsContentType><itemSize Sync="TRUE">0.000</itemSize></itemProps><copyHistory><copy source="C:\HUGO\AtlasRiesgo\InformacionGenerada\Colonias_TlalpanIGg" dest="\\192.168.193.64\RiesgoAtlas\Cartografìa\Shape\Catastro\Colonias_TlalpanIGg" date="20180526" time="11451000"></copy></copyHistory><coordRef><type Sync="TRUE">Projected</type><geogcsn Sync="TRUE">GCS_WGS_1984</geogcsn><csUnits Sync="TRUE">Linear Unit: Meter (1.000000)</csUnits><projcsn Sync="TRUE">WGS_1984_UTM_Zone_14N</projcsn><peXml Sync="TRUE">&lt;ProjectedCoordinateSystem xsi:type='typens:ProjectedCoordinateSystem' xmlns:xsi='http://www.w3.org/2001/XMLSchema-instance' xmlns:xs='http://www.w3.org/2001/XMLSchema' xmlns:typens='http://www.esri.com/schemas/ArcGIS/10.3'&gt;&lt;WKT&gt;PROJCS[&amp;quot;WGS_1984_UTM_Zone_14N&amp;quot;,GEOGCS[&amp;quot;GCS_WGS_1984&amp;quot;,DATUM[&amp;quot;D_WGS_1984&amp;quot;,SPHEROID[&amp;quot;WGS_1984&amp;quot;,6378137.0,298.257223563]],PRIMEM[&amp;quot;Greenwich&amp;quot;,0.0],UNIT[&amp;quot;Degree&amp;quot;,0.0174532925199433]],PROJECTION[&amp;quot;Transverse_Mercator&amp;quot;],PARAMETER[&amp;quot;false_easting&amp;quot;,500000.0],PARAMETER[&amp;quot;false_northing&amp;quot;,0.0],PARAMETER[&amp;quot;central_meridian&amp;quot;,-99.0],PARAMETER[&amp;quot;scale_factor&amp;quot;,0.9996],PARAMETER[&amp;quot;latitude_of_origin&amp;quot;,0.0],UNIT[&amp;quot;Meter&amp;quot;,1.0],AUTHORITY[&amp;quot;EPSG&amp;quot;,32614]]&lt;/WKT&gt;&lt;XOrigin&gt;-5120900&lt;/XOrigin&gt;&lt;YOrigin&gt;-9998100&lt;/YOrigin&gt;&lt;XYScale&gt;450445547.3910538&lt;/XYScale&gt;&lt;ZOrigin&gt;-100000&lt;/ZOrigin&gt;&lt;ZScale&gt;10000&lt;/ZScale&gt;&lt;MOrigin&gt;-100000&lt;/MOrigin&gt;&lt;MScale&gt;10000&lt;/MScale&gt;&lt;XYTolerance&gt;0.001&lt;/XYTolerance&gt;&lt;ZTolerance&gt;0.001&lt;/ZTolerance&gt;&lt;MTolerance&gt;0.001&lt;/MTolerance&gt;&lt;HighPrecision&gt;true&lt;/HighPrecision&gt;&lt;WKID&gt;32614&lt;/WKID&gt;&lt;LatestWKID&gt;32614&lt;/LatestWKID&gt;&lt;/ProjectedCoordinateSystem&gt;</peXml></coordRef><lineage><Process ToolSource="c:\program files (x86)\arcgis\desktop10.3\ArcToolbox\Toolboxes\Data Management Tools.tbx\CalculateField" Date="20171207" Time="112435">CalculateField Colonias_Lab_ModZona2_TlalpanAR_1 Zona 2 VB #</Process><Process ToolSource="c:\program files (x86)\arcgis\desktop10.3\ArcToolbox\Toolboxes\Data Management Tools.tbx\CalculateField" Date="20171207" Time="114709">CalculateField Colonias_Lab_ModZona2_TlalpanAR_1 Zona 1 VB #</Process><Process ToolSource="c:\program files (x86)\arcgis\desktop10.3\ArcToolbox\Toolboxes\Data Management Tools.tbx\CalculateField" Date="20171207" Time="150838">CalculateField Colonias_Lab_ModZona2_TlalpanAR_1 Zona 1 VB #</Process><Process ToolSource="c:\program files (x86)\arcgis\desktop10.3\ArcToolbox\Toolboxes\Data Management Tools.tbx\CalculateField" Date="20171207" Time="151404">CalculateField Colonias_Lab_ModZona2_TlalpanAR_1 Zona 0 VB #</Process><Process ToolSource="c:\program files (x86)\arcgis\desktop10.3\ArcToolbox\Toolboxes\Data Management Tools.tbx\CalculateField" Date="20171207" Time="160431">CalculateField Colonias_Lab_ModZona2_TlalpanAR_1 Name "Ampl. FUENTES DEL PEDREGAL" VB #</Process><Process ToolSource="c:\program files (x86)\arcgis\desktop10.3\ArcToolbox\Toolboxes\Data Management Tools.tbx\CalculateField" Date="20171207" Time="164742">CalculateField Colonias_Lab_ModZona2_TlalpanAR_1 Zona 2 VB #</Process><Process ToolSource="c:\program files (x86)\arcgis\desktop10.3\ArcToolbox\Toolboxes\Data Management Tools.tbx\CalculateField" Date="20171207" Time="172535">CalculateField Colonias_Lab_ModZona2_TlalpanAR_1 Zona 4 VB #</Process><Process ToolSource="c:\program files (x86)\arcgis\desktop10.3\ArcToolbox\Toolboxes\Data Management Tools.tbx\CalculateField" Date="20171207" Time="172623">CalculateField Colonias_Lab_ModZona2_TlalpanAR_1 Zona 4 VB #</Process><Process ToolSource="c:\program files (x86)\arcgis\desktop10.3\ArcToolbox\Toolboxes\Data Management Tools.tbx\CalculateField" Date="20171207" Time="172839">CalculateField Colonias_Lab_ModZona2_TlalpanAR_1 Zona 3 VB #</Process><Process ToolSource="c:\program files (x86)\arcgis\desktop10.3\ArcToolbox\Toolboxes\Data Management Tools.tbx\CalculateField" Date="20171207" Time="174549">CalculateField Colonias_Lab_ModZona2_TlalpanAR_1 Zona 5 VB #</Process><Process ToolSource="c:\program files (x86)\arcgis\desktop10.3\ArcToolbox\Toolboxes\Data Management Tools.tbx\CalculateField" Date="20171208" Time="154848">CalculateField Colonias_Lab_ModZona2_TlalpanAR_1 Name "SANTISIMA TRINIDAD" VB #</Process><Process ToolSource="c:\program files (x86)\arcgis\desktop10.3\ArcToolbox\Toolboxes\Data Management Tools.tbx\CalculateField" Date="20171208" Time="154900">CalculateField Colonias_Lab_ModZona2_TlalpanAR_1 Duplic 0 VB #</Process><Process ToolSource="c:\program files (x86)\arcgis\desktop10.3\ArcToolbox\Toolboxes\Data Management Tools.tbx\CalculateField" Date="20171208" Time="155232">CalculateField Colonias_Lab_ModZona2_TlalpanAR_1 Duplic 99 VB #</Process><Process ToolSource="c:\program files (x86)\arcgis\desktop10.3\ArcToolbox\Toolboxes\Data Management Tools.tbx\CalculateField" Date="20171208" Time="155401">CalculateField Colonias_Lab_ModZona2_TlalpanAR_1 Duplic 99 VB #</Process><Process ToolSource="c:\program files (x86)\arcgis\desktop10.3\ArcToolbox\Toolboxes\Data Management Tools.tbx\CalculateField" Date="20171208" Time="155616">CalculateField Colonias_Lab_ModZona2_TlalpanAR_1 Duplic 0 VB #</Process><Process ToolSource="c:\program files (x86)\arcgis\desktop10.3\ArcToolbox\Toolboxes\Data Management Tools.tbx\CalculateField" Date="20171208" Time="155920">CalculateField Colonias_Lab_ModZona2_TlalpanAR_1 Name "MIGUEL HIDALGO 1RA SECCION" VB #</Process><Process ToolSource="c:\program files (x86)\arcgis\desktop10.3\ArcToolbox\Toolboxes\Data Management Tools.tbx\CalculateField" Date="20171208" Time="160005">CalculateField Colonias_Lab_ModZona2_TlalpanAR_1 Duplic 0 VB #</Process><Process ToolSource="c:\program files (x86)\arcgis\desktop10.3\ArcToolbox\Toolboxes\Data Management Tools.tbx\CalculateField" Date="20171208" Time="161846">CalculateField Colonias_Lab_ModZona2_TlalpanAR_1 Duplic 2 VB #</Process><Process ToolSource="c:\program files (x86)\arcgis\desktop10.3\ArcToolbox\Toolboxes\Data Management Tools.tbx\CalculateField" Date="20180108" Time="173251">CalculateField ColoniasTlalpanZona2_1 Zona 1 VB #</Process><Process ToolSource="c:\program files (x86)\arcgis\desktop10.3\ArcToolbox\Toolboxes\Data Management Tools.tbx\CalculateField" Date="20180108" Time="173323">CalculateField ColoniasTlalpanZona2_1 Zona 5 VB #</Process><Process ToolSource="c:\program files (x86)\arcgis\desktop10.3\ArcToolbox\Toolboxes\Data Management Tools.tbx\CalculateField" Date="20180228" Time="105948">CalculateField ColoniasTlalpanZona2 ZonaProtC 4 VB #</Process><Process ToolSource="c:\program files (x86)\arcgis\desktop10.3\ArcToolbox\Toolboxes\Data Management Tools.tbx\CalculateField" Date="20180228" Time="110420">CalculateField ColoniasTlalpanZona2 ZonaProtC 1 VB #</Process><Process ToolSource="c:\program files (x86)\arcgis\desktop10.3\ArcToolbox\Toolboxes\Data Management Tools.tbx\CalculateField" Date="20180228" Time="110734">CalculateField ColoniasTlalpanZona2 ZonaProtC 3 VB #</Process><Process ToolSource="c:\program files (x86)\arcgis\desktop10.3\ArcToolbox\Toolboxes\Data Management Tools.tbx\CalculateField" Date="20180228" Time="110805">CalculateField ColoniasTlalpanZona2 ZonaProtC 2 VB #</Process><Process ToolSource="c:\program files (x86)\arcgis\desktop10.3\ArcToolbox\Toolboxes\Data Management Tools.tbx\CalculateField" Date="20180228" Time="110845">CalculateField ColoniasTlalpanZona2 ZonaProtC 3 VB #</Process><Process ToolSource="c:\program files (x86)\arcgis\desktop10.3\ArcToolbox\Toolboxes\Data Management Tools.tbx\CalculateField" Date="20180228" Time="110942">CalculateField ColoniasTlalpanZona2 ZonaProtC 1 VB #</Process><Process ToolSource="c:\program files (x86)\arcgis\desktop10.3\ArcToolbox\Toolboxes\Data Management Tools.tbx\CalculateField" Date="20180228" Time="111029">CalculateField ColoniasTlalpanZona2 ZonaProtC 3 VB #</Process><Process ToolSource="c:\program files (x86)\arcgis\desktop10.3\ArcToolbox\Toolboxes\Data Management Tools.tbx\CalculateField" Date="20180228" Time="111052">CalculateField ColoniasTlalpanZona2 ZonaProtC 5 VB #</Process><Process ToolSource="c:\program files (x86)\arcgis\desktop10.3\ArcToolbox\Toolboxes\Data Management Tools.tbx\CalculateField" Date="20180228" Time="131003">CalculateField ColoniasTlalpanZona2 Id_1 [ZonaProtC] VB #</Process><Process ToolSource="c:\program files (x86)\arcgis\desktop10.3\ArcToolbox\Toolboxes\Data Management Tools.tbx\CalculateField" Date="20180306" Time="111019">CalculateField ColoniasTlalpanZona2 Col_IGg "VILLA COAPA" VB #</Process><Process ToolSource="c:\program files (x86)\arcgis\desktop10.3\ArcToolbox\Toolboxes\Data Management Tools.tbx\CalculateField" Date="20180306" Time="112429">CalculateField ColoniasTlalpanZona2 Name [Col_IGg] VB #</Process><Process ToolSource="c:\program files (x86)\arcgis\desktop10.3\ArcToolbox\Toolboxes\Data Management Tools.tbx\CalculateField" Date="20180316" Time="102758">CalculateField ColoniasTlalpanZona2 Col_IGg [Name] VB #</Process><Process ToolSource="c:\program files (x86)\arcgis\desktop10.3\ArcToolbox\Toolboxes\Data Management Tools.tbx\CalculateField" Date="20180316" Time="103108">CalculateField ColoniasTlalpanZona2 Col_IGg [Name] VB #</Process><Process ToolSource="c:\program files (x86)\arcgis\desktop10.3\ArcToolbox\Toolboxes\Data Management Tools.tbx\CalculateField" Date="20180316" Time="164325">CalculateField ColoniasTlalpanZona2 FID_Limite 8 VB #</Process><Process ToolSource="c:\program files (x86)\arcgis\desktop10.3\ArcToolbox\Toolboxes\Data Management Tools.tbx\CalculateField" Date="20180316" Time="164615">CalculateField ColoniasTlalpanZona2 FID_Limite 8 VB #</Process><Process ToolSource="c:\program files (x86)\arcgis\desktop10.3\ArcToolbox\Toolboxes\Data Management Tools.tbx\CalculateField" Date="20180316" Time="164932">CalculateField ColoniasTlalpanZona2 FID_Limite 8 VB #</Process><Process ToolSource="c:\program files (x86)\arcgis\desktop10.3\ArcToolbox\Toolboxes\Data Management Tools.tbx\CalculateField" Date="20180317" Time="111131">CalculateField ColoniasTlalpanZona2 FID_Colo_1 176 VB #</Process><Process ToolSource="c:\program files (x86)\arcgis\desktop10.3\ArcToolbox\Toolboxes\Data Management Tools.tbx\CalculateField" Date="20180317" Time="111550">CalculateField ColoniasTlalpanZona2 Col_IGg "VERANO" VB #</Process><Process ToolSource="c:\program files (x86)\arcgis\desktop10.3\ArcToolbox\Toolboxes\Data Management Tools.tbx\CalculateField" Date="20180317" Time="132834">CalculateField ColoniasTlalpanZona2 Col_IGg "DIAMANTE" VB #</Process><Process ToolSource="c:\program files (x86)\arcgis\desktop10.3\ArcToolbox\Toolboxes\Data Management Tools.tbx\CalculateField" Date="20180319" Time="105545">CalculateField ColoniasTlalpanZona2 FolderPath "Pueblos Originarios" VB #</Process><Process ToolSource="c:\program files (x86)\arcgis\desktop10.3\ArcToolbox\Toolboxes\Data Management Tools.tbx\CalculateField" Date="20180406" Time="132025">CalculateField ColoniasTlalpanZona2_1 Zona [ZonaProtC] VB #</Process><Process ToolSource="c:\program files (x86)\arcgis\desktop10.3\ArcToolbox\Toolboxes\Data Management Tools.tbx\CalculateField" Date="20180413" Time="113753">CalculateField ColoniasTlalpanZona2_2 FolderPath "Pueblos Originarios" VB #</Process><Process ToolSource="c:\program files (x86)\arcgis\desktop10.3\ArcToolbox\Toolboxes\Data Management Tools.tbx\CalculateField" Date="20180413" Time="123827">CalculateField ColoniasTlalpanZona2_2 Nombre [Name] VB #</Process><Process ToolSource="c:\program files (x86)\arcgis\desktop10.3\ArcToolbox\Toolboxes\Data Management Tools.tbx\CalculateField" Date="20180413" Time="123934">CalculateField ColoniasTlalpanZona2_2 Nombre [Col_IGg] VB #</Process><Process ToolSource="c:\program files (x86)\arcgis\desktop10.3\ArcToolbox\Toolboxes\Data Management Tools.tbx\CalculateField" Date="20180413" Time="124024">CalculateField ColoniasTlalpanZona2_2 Nombre [FueraDel] VB #</Process><Process ToolSource="c:\program files (x86)\arcgis\desktop10.3\ArcToolbox\Toolboxes\Data Management Tools.tbx\CalculateField" Date="20180413" Time="124104">CalculateField ColoniasTlalpanZona2_2 Nombre [NomAHI] VB #</Process><Process ToolSource="c:\program files (x86)\arcgis\desktop10.3\ArcToolbox\Toolboxes\Data Management Tools.tbx\CalculateField" Date="20180413" Time="124612">CalculateField ColoniasTlalpanZona2_2 Nombre "MIGUEL HIDALGO 3A SECCION" VB #</Process><Process ToolSource="c:\program files (x86)\arcgis\desktop10.3\ArcToolbox\Toolboxes\Data Management Tools.tbx\CalculateField" Date="20180414" Time="102748">CalculateField ColoniasTlalpanZona2_2 AHI !Nombre![4:] PYTHON_9.3 #</Process><Process ToolSource="c:\program files (x86)\arcgis\desktop10.3\ArcToolbox\Toolboxes\Data Management Tools.tbx\CalculateField" Date="20180414" Time="102802">CalculateField ColoniasTlalpanZona2_2 Nombre !AHI! PYTHON_9.3 #</Process><Process ToolSource="c:\program files (x86)\arcgis\desktop10.3\ArcToolbox\Toolboxes\Data Management Tools.tbx\CalculateField" Date="20180414" Time="102837">CalculateField ColoniasTlalpanZona2_2 Id !Zona! PYTHON_9.3 #</Process><Process ToolSource="c:\program files (x86)\arcgis\desktop10.3\ArcToolbox\Toolboxes\Data Management Tools.tbx\CalculateField" Date="20180414" Time="102910">CalculateField ColoniasTlalpanZona2_2 Zona !Id! PYTHON_9.3 #</Process><Process ToolSource="c:\program files (x86)\arcgis\desktop10.3\ArcToolbox\Toolboxes\Data Management Tools.tbx\CalculateField" Date="20180414" Time="105015">CalculateField ColoniasTlalpanZona2_2 Zona 3 VB #</Process><Process ToolSource="c:\program files (x86)\arcgis\desktop10.3\ArcToolbox\Toolboxes\Data Management Tools.tbx\CalculateField" Date="20180414" Time="110840">CalculateField Colonias_TlalpanIGg Nombre [Col_IGg] VB #</Process><Process ToolSource="c:\program files (x86)\arcgis\desktop10.3\ArcToolbox\Toolboxes\Data Management Tools.tbx\CalculateField" Date="20180414" Time="114138">CalculateField Colonias_TlalpanIGgDiss Aux "str( !ClaveCol!) + !Nombre!" PYTHON_9.3 #</Process><Process ToolSource="c:\program files (x86)\arcgis\desktop10.3\ArcToolbox\Toolboxes\Data Management Tools.tbx\CalculateField" Date="20180414" Time="114209">CalculateField Colonias_TlalpanIGgDiss Aux "str( !ClaveCol!) + " " + !Nombre!" PYTHON_9.3 #</Process><Process ToolSource="c:\program files (x86)\arcgis\desktop10.3\ArcToolbox\Toolboxes\Data Management Tools.tbx\CalculateField" Date="20180414" Time="114506">CalculateField Colonias_TlalpanIGgDiss Aux "str( !ClaveCol!) + " " + !AHI!" PYTHON_9.3 #</Process><Process ToolSource="c:\program files (x86)\arcgis\desktop10.3\ArcToolbox\Toolboxes\Data Management Tools.tbx\CalculateField" Date="20180414" Time="114521">CalculateField Colonias_TlalpanIGgDiss Aux "" PYTHON_9.3 #</Process><Process ToolSource="c:\program files (x86)\arcgis\desktop10.3\ArcToolbox\Toolboxes\Data Management Tools.tbx\CalculateField" Date="20180414" Time="114543">CalculateField Colonias_TlalpanIGgDiss Aux "str( !ClaveCol!) + " " + !AHI!" PYTHON_9.3 #</Process><Process ToolSource="c:\program files (x86)\arcgis\desktop10.3\ArcToolbox\Toolboxes\Data Management Tools.tbx\CalculateField" Date="20180414" Time="120112">CalculateField Colonias_TlalpanIGgDiss CLAVE "[Zona]*10000000+ [ClaveCol]*1000000+ [ClaveAHI]*10" VB #</Process><Process ToolSource="c:\program files (x86)\arcgis\desktop10.3\ArcToolbox\Toolboxes\Data Management Tools.tbx\CalculateField" Date="20180414" Time="120145">CalculateField Colonias_TlalpanIGgDiss CLAVE "[Zona]*10000000+ [ClaveCol]*100000+ [ClaveAHI]*10" VB #</Process><Process ToolSource="c:\program files (x86)\arcgis\desktop10.3\ArcToolbox\Toolboxes\Data Management Tools.tbx\CalculateField" Date="20180414" Time="120212">CalculateField Colonias_TlalpanIGgDiss CLAVE "[Zona]*1000000+ [ClaveCol]*10000+ [ClaveAHI]*10" VB #</Process><Process ToolSource="c:\program files (x86)\arcgis\desktop10.3\ArcToolbox\Toolboxes\Data Management Tools.tbx\CalculateField" Date="20180414" Time="134835">CalculateField Colonias_TlalpanIGgDiss ClaveZonas [Zona]*100 VB #</Process><Process ToolSource="c:\program files (x86)\arcgis\desktop10.3\ArcToolbox\Toolboxes\Data Management Tools.tbx\CalculateField" Date="20180502" Time="104117">CalculateField Colonias_Tlalpan AHI [Zona] VB #</Process><Process ToolSource="c:\program files (x86)\arcgis\desktop10.3\ArcToolbox\Toolboxes\Data Management Tools.tbx\CalculateField" Date="20180502" Time="104153">CalculateField Colonias_Tlalpan Zona [AHI] VB #</Process><Process ToolSource="c:\program files (x86)\arcgis\desktop10.3\ArcToolbox\Toolboxes\Data Management Tools.tbx\CalculateField" Date="20180502" Time="104221">CalculateField Colonias_Tlalpan AHI "" VB #</Process><Process ToolSource="c:\program files (x86)\arcgis\desktop10.3\ArcToolbox\Toolboxes\Data Management Tools.tbx\CalculateField" Date="20180502" Time="104241">CalculateField Colonias_Tlalpan AHI [Nombre] VB #</Process><Process ToolSource="c:\program files (x86)\arcgis\desktop10.3\ArcToolbox\Toolboxes\Data Management Tools.tbx\CalculateField" Date="20180502" Time="110039">CalculateField Colonias_Tlalpan AHI [Nombre] VB #</Process><Process ToolSource="c:\program files (x86)\arcgis\desktop10.3\ArcToolbox\Toolboxes\Data Management Tools.tbx\CalculateField" Date="20180519" Time="120106">CalculateField ColoniasTlalpan_sinAHI AHI [Zona] VB #</Process><Process ToolSource="c:\program files (x86)\arcgis\desktop10.3\ArcToolbox\Toolboxes\Data Management Tools.tbx\CalculateField" Date="20180519" Time="120126">CalculateField ColoniasTlalpan_sinAHI Zona [AHI] VB #</Process><Process ToolSource="c:\program files (x86)\arcgis\desktop10.3\ArcToolbox\Toolboxes\Data Management Tools.tbx\CalculateField" Date="20180519" Time="120134">CalculateField ColoniasTlalpan_sinAHI AHI "" VB #</Process><Process ToolSource="c:\program files (x86)\arcgis\desktop10.3\ArcToolbox\Toolboxes\Analysis Tools.tbx\Union" Date="20180523" Time="181104">Union "ColoniasTlalpan_sinAHI #;AHI2010_Colonias_2 #" C:\HUGO\AtlasRiesgo\Elaboracion\ManzyCol_junta17may18\ColoniasTlalpan_conAHI.shp ALL # GAPS</Process><Process ToolSource="c:\program files (x86)\arcgis\desktop10.3\ArcToolbox\Toolboxes\Data Management Tools.tbx\CalculateField" Date="20180523" Time="181509">CalculateField ColoniasTlalpan_conAHI AHI [Nombre_1] VB #</Process><Process ToolSource="c:\program files (x86)\arcgis\desktop10.3\ArcToolbox\Toolboxes\Data Management Tools.tbx\CalculateField" Date="20180523" Time="185712">CalculateField ColoniasTlalpan_conAHI AUX "!Nombre!+ str(!Zona!)" PYTHON_9.3 #</Process><Process ToolSource="c:\program files (x86)\arcgis\desktop10.3\ArcToolbox\Toolboxes\Data Management Tools.tbx\CalculateField" Date="20180524" Time="100145">CalculateField ColoniasTlalpan_conAHI AUX "str( !CLAVECol! ) + !AHI!" PYTHON_9.3 #</Process><Process ToolSource="c:\program files (x86)\arcgis\desktop10.3\ArcToolbox\Toolboxes\Data Management Tools.tbx\CalculateField" Date="20180524" Time="104604">CalculateField ColoniasTlalpan_conAHI AHI [AUX] VB #</Process><Process ToolSource="c:\program files (x86)\arcgis\desktop10.3\ArcToolbox\Toolboxes\Data Management Tools.tbx\CalculateField" Date="20180524" Time="105737">CalculateField ColoniasTlalpan_conAHI AHI [Nombre] VB #</Process><Process ToolSource="c:\program files (x86)\arcgis\desktop10.3\ArcToolbox\Toolboxes\Data Management Tools.tbx\CalculateField" Date="20180524" Time="125256">CalculateField ColoniasTlalpan_conAHIDiss Nombre "Condominios del Bosque" VB #</Process><Process ToolSource="c:\program files (x86)\arcgis\desktop10.3\ArcToolbox\Toolboxes\Data Management Tools.tbx\CalculateField" Date="20180525" Time="092426">CalculateField ColoniasTlalpan_conAHIDiss AUX !Nombre!+str( !Zona!) PYTHON_9.3 #</Process><Process ToolSource="c:\program files (x86)\arcgis\desktop10.3\ArcToolbox\Toolboxes\Data Management Tools.tbx\CalculateField" Date="20180525" Time="093726">CalculateField ColoniasTlalpan_conAHIDiss AUX "str( !CLAVECol!)+ ","+!AHI!" PYTHON_9.3 #</Process><Process ToolSource="c:\program files (x86)\arcgis\desktop10.3\ArcToolbox\Toolboxes\Data Management Tools.tbx\CalculateField" Date="20180525" Time="110226">CalculateField ColoniasAHI__Vulnerab_TlalpanIGg AUX1 [CLAVECol]+1 VB #</Process><Process ToolSource="c:\program files (x86)\arcgis\desktop10.3\ArcToolbox\Toolboxes\Data Management Tools.tbx\CalculateField" Date="20180525" Time="110239">CalculateField ColoniasAHI__Vulnerab_TlalpanIGg AUX1 [CLAVECol]+1 VB #</Process><Process ToolSource="c:\program files (x86)\arcgis\desktop10.3\ArcToolbox\Toolboxes\Data Management Tools.tbx\CalculateField" Date="20180525" Time="110251">CalculateField ColoniasAHI__Vulnerab_TlalpanIGg AUX2 [CLAVECol]+2 VB #</Process><Process ToolSource="c:\program files (x86)\arcgis\desktop10.3\ArcToolbox\Toolboxes\Data Management Tools.tbx\CalculateField" Date="20180525" Time="110304">CalculateField ColoniasAHI__Vulnerab_TlalpanIGg AUX3 [CLAVECol]+3 VB #</Process><Process ToolSource="c:\program files (x86)\arcgis\desktop10.3\ArcToolbox\Toolboxes\Data Management Tools.tbx\CalculateField" Date="20180525" Time="110315">CalculateField ColoniasAHI__Vulnerab_TlalpanIGg AUX4 [CLAVECol]+4 VB #</Process><Process ToolSource="c:\program files (x86)\arcgis\desktop10.3\ArcToolbox\Toolboxes\Data Management Tools.tbx\CalculateField" Date="20180525" Time="110325">CalculateField ColoniasAHI__Vulnerab_TlalpanIGg AUX5 [CLAVECol]+5 VB #</Process><Process ToolSource="c:\program files (x86)\arcgis\desktop10.3\ArcToolbox\Toolboxes\Data Management Tools.tbx\CalculateField" Date="20180525" Time="115105">CalculateField ColoniasAHI__Vulnerab_TlalpanIGg Suma "( [AVulTot_0]+ [AVulTot_1]+ [AVulTot_2]+ [AVulTot_3]+ [AVulTot_4]+ [AVulTot_5]+ [AVAmb_0]+ [AVAmb_1]+ [AVAmb_2]+ [AVAmb_3]+ [AVAmb_4]+ [AVAmb_5]+ [AVEcon_0]+ [AVEcon_1]+ [AVEcon_2]+ [AVEcon_3]+ [AVEcon_4]+ [AVEcon_5]+ [AVFisic_0]+ [AVFisic_1]+ [AVFisic_2]+ [AVFisic_3]+ [AVFisic_4]+ [AVFisic_5]+ [AVSoci_0]+ [AVSoci_1]+ [AVSoci_2]+ [AVSoci_3]+ [AVSoci_4]+ [AVSoci_5])/5 - [Area_m2]" VB #</Process><Process ToolSource="c:\program files (x86)\arcgis\desktop10.3\ArcToolbox\Toolboxes\Data Management Tools.tbx\CalculateField" Date="20180525" Time="115636">CalculateField ColoniasAHI__Vulnerab_TlalpanIGg Suma "( [AVulTot_0]+ [AVulTot_1]+ [AVulTot_2]+ [AVulTot_3]+ [AVulTot_4]+ [AVulTot_5]+ [AVAmb_0]+ [AVAmb_1]+ [AVAmb_2]+ [AVAmb_3]+ [AVAmb_4]+ [AVAmb_5]+ [AVEcon_0]+ [AVEcon_1]+ [AVEcon_2]+ [AVEcon_3]+ [AVEcon_4]+ [AVEcon_5]+ [AVFisic_0]+ [AVFisic_1]+ [AVFisic_2]+ [AVFisic_3]+ [AVFisic_4]+ [AVFisic_5]+ [AVSoci_0]+ [AVSoci_1]+ [AVSoci_2]+ [AVSoci_3]+ [AVSoci_4]+ [AVSoci_5])/5 - [Area_m2]" VB #</Process><Process ToolSource="c:\program files (x86)\arcgis\desktop10.3\ArcToolbox\Toolboxes\Data Management Tools.tbx\CalculateField" Date="20180525" Time="115850">CalculateField ColoniasAHI__Vulnerab_TlalpanIGg PVulTot_0 "[AVulTot_0] /( [AVulTot_0]+ [AVulTot_1]+ [AVulTot_2]+ [AVulTot_3]+ [AVulTot_4]+ [AVulTot_5])*100" VB #</Process><Process ToolSource="c:\program files (x86)\arcgis\desktop10.3\ArcToolbox\Toolboxes\Data Management Tools.tbx\CalculateField" Date="20180525" Time="115902">CalculateField ColoniasAHI__Vulnerab_TlalpanIGg PVulTot_1 "[AVulTot_1] /( [AVulTot_0]+ [AVulTot_1]+ [AVulTot_2]+ [AVulTot_3]+ [AVulTot_4]+ [AVulTot_5])*100" VB #</Process><Process ToolSource="c:\program files (x86)\arcgis\desktop10.3\ArcToolbox\Toolboxes\Data Management Tools.tbx\CalculateField" Date="20180525" Time="115914">CalculateField ColoniasAHI__Vulnerab_TlalpanIGg PVulTot_2 "[AVulTot_2] /( [AVulTot_0]+ [AVulTot_1]+ [AVulTot_2]+ [AVulTot_3]+ [AVulTot_4]+ [AVulTot_5])*100" VB #</Process><Process ToolSource="c:\program files (x86)\arcgis\desktop10.3\ArcToolbox\Toolboxes\Data Management Tools.tbx\CalculateField" Date="20180525" Time="115927">CalculateField ColoniasAHI__Vulnerab_TlalpanIGg PVulTot_3 "[AVulTot_3] /( [AVulTot_0]+ [AVulTot_1]+ [AVulTot_2]+ [AVulTot_3]+ [AVulTot_4]+ [AVulTot_5])*100" VB #</Process><Process ToolSource="c:\program files (x86)\arcgis\desktop10.3\ArcToolbox\Toolboxes\Data Management Tools.tbx\CalculateField" Date="20180525" Time="115938">CalculateField ColoniasAHI__Vulnerab_TlalpanIGg PVulTot_4 "[AVulTot_4] /( [AVulTot_0]+ [AVulTot_1]+ [AVulTot_2]+ [AVulTot_3]+ [AVulTot_4]+ [AVulTot_5])*100" VB #</Process><Process ToolSource="c:\program files (x86)\arcgis\desktop10.3\ArcToolbox\Toolboxes\Data Management Tools.tbx\CalculateField" Date="20180525" Time="115951">CalculateField ColoniasAHI__Vulnerab_TlalpanIGg PVulTot_5 "[AVulTot_5] /( [AVulTot_0]+ [AVulTot_1]+ [AVulTot_2]+ [AVulTot_3]+ [AVulTot_4]+ [AVulTot_5])*100" VB #</Process><Process ToolSource="c:\program files (x86)\arcgis\desktop10.3\ArcToolbox\Toolboxes\Data Management Tools.tbx\CalculateField" Date="20180525" Time="120039">CalculateField ColoniasAHI__Vulnerab_TlalpanIGg PVAmb_0 "[AVAmb_0] /( [AVAmb_0] + [AVAmb_1] + [AVAmb_2] + [AVAmb_3] + [AVAmb_4] + [AVAmb_5] )*100" VB #</Process><Process ToolSource="c:\program files (x86)\arcgis\desktop10.3\ArcToolbox\Toolboxes\Data Management Tools.tbx\CalculateField" Date="20180525" Time="120052">CalculateField ColoniasAHI__Vulnerab_TlalpanIGg PVAmb_1 "[AVAmb_1] /( [AVAmb_0] + [AVAmb_1] + [AVAmb_2] + [AVAmb_3] + [AVAmb_4] + [AVAmb_5] )*100" VB #</Process><Process ToolSource="c:\program files (x86)\arcgis\desktop10.3\ArcToolbox\Toolboxes\Data Management Tools.tbx\CalculateField" Date="20180525" Time="120103">CalculateField ColoniasAHI__Vulnerab_TlalpanIGg PVAmb_2 "[AVAmb_2] /( [AVAmb_0] + [AVAmb_1] + [AVAmb_2] + [AVAmb_3] + [AVAmb_4] + [AVAmb_5] )*100" VB #</Process><Process ToolSource="c:\program files (x86)\arcgis\desktop10.3\ArcToolbox\Toolboxes\Data Management Tools.tbx\CalculateField" Date="20180525" Time="120115">CalculateField ColoniasAHI__Vulnerab_TlalpanIGg PVAmb_3 "[AVAmb_3] /( [AVAmb_0] + [AVAmb_1] + [AVAmb_2] + [AVAmb_3] + [AVAmb_4] + [AVAmb_5] )*100" VB #</Process><Process ToolSource="c:\program files (x86)\arcgis\desktop10.3\ArcToolbox\Toolboxes\Data Management Tools.tbx\CalculateField" Date="20180525" Time="120127">CalculateField ColoniasAHI__Vulnerab_TlalpanIGg PVAmb_4 "[AVAmb_4] /( [AVAmb_0] + [AVAmb_1] + [AVAmb_2] + [AVAmb_3] + [AVAmb_4] + [AVAmb_5] )*100" VB #</Process><Process ToolSource="c:\program files (x86)\arcgis\desktop10.3\ArcToolbox\Toolboxes\Data Management Tools.tbx\CalculateField" Date="20180525" Time="120139">CalculateField ColoniasAHI__Vulnerab_TlalpanIGg PVAmb_5 "[AVAmb_5] /( [AVAmb_0] + [AVAmb_1] + [AVAmb_2] + [AVAmb_3] + [AVAmb_4] + [AVAmb_5] )*100" VB #</Process><Process ToolSource="c:\program files (x86)\arcgis\desktop10.3\ArcToolbox\Toolboxes\Data Management Tools.tbx\CalculateField" Date="20180525" Time="120228">CalculateField ColoniasAHI__Vulnerab_TlalpanIGg PVEcon_0 "[AVEcon_0] /( [AVEcon_0] + [AVEcon_1] + [AVEcon_2] + [AVEcon_3] + [AVEcon_4] + [AVEcon_5] )*100" VB #</Process><Process ToolSource="c:\program files (x86)\arcgis\desktop10.3\ArcToolbox\Toolboxes\Data Management Tools.tbx\CalculateField" Date="20180525" Time="120239">CalculateField ColoniasAHI__Vulnerab_TlalpanIGg PVEcon_1 "[AVEcon_1] /( [AVEcon_0] + [AVEcon_1] + [AVEcon_2] + [AVEcon_3] + [AVEcon_4] + [AVEcon_5] )*100" VB #</Process><Process ToolSource="c:\program files (x86)\arcgis\desktop10.3\ArcToolbox\Toolboxes\Data Management Tools.tbx\CalculateField" Date="20180525" Time="120251">CalculateField ColoniasAHI__Vulnerab_TlalpanIGg PVEcon_2 "[AVEcon_2] /( [AVEcon_0] + [AVEcon_1] + [AVEcon_2] + [AVEcon_3] + [AVEcon_4] + [AVEcon_5] )*100" VB #</Process><Process ToolSource="c:\program files (x86)\arcgis\desktop10.3\ArcToolbox\Toolboxes\Data Management Tools.tbx\CalculateField" Date="20180525" Time="120306">CalculateField ColoniasAHI__Vulnerab_TlalpanIGg PVEcon_3 "[AVEcon_3] /( [AVEcon_0] + [AVEcon_1] + [AVEcon_2] + [AVEcon_3] + [AVEcon_4] + [AVEcon_5] )*100" VB #</Process><Process ToolSource="c:\program files (x86)\arcgis\desktop10.3\ArcToolbox\Toolboxes\Data Management Tools.tbx\CalculateField" Date="20180525" Time="120318">CalculateField ColoniasAHI__Vulnerab_TlalpanIGg PVEcon_4 "[AVEcon_4] /( [AVEcon_0] + [AVEcon_1] + [AVEcon_2] + [AVEcon_3] + [AVEcon_4] + [AVEcon_5] )*100" VB #</Process><Process ToolSource="c:\program files (x86)\arcgis\desktop10.3\ArcToolbox\Toolboxes\Data Management Tools.tbx\CalculateField" Date="20180525" Time="120333">CalculateField ColoniasAHI__Vulnerab_TlalpanIGg PVEcon_5 "[AVEcon_5] /( [AVEcon_0] + [AVEcon_1] + [AVEcon_2] + [AVEcon_3] + [AVEcon_4] + [AVEcon_5] )*100" VB #</Process><Process ToolSource="c:\program files (x86)\arcgis\desktop10.3\ArcToolbox\Toolboxes\Data Management Tools.tbx\CalculateField" Date="20180525" Time="120426">CalculateField ColoniasAHI__Vulnerab_TlalpanIGg PVFisic_0 "[AVFisic_0] /( [AVFisic_0] + [AVFisic_1] + [AVFisic_2] + [AVFisic_3] + [AVFisic_4] + [AVFisic_5] )*100" VB #</Process><Process ToolSource="c:\program files (x86)\arcgis\desktop10.3\ArcToolbox\Toolboxes\Data Management Tools.tbx\CalculateField" Date="20180525" Time="120437">CalculateField ColoniasAHI__Vulnerab_TlalpanIGg PVFisic_1 "[AVFisic_1] /( [AVFisic_0] + [AVFisic_1] + [AVFisic_2] + [AVFisic_3] + [AVFisic_4] + [AVFisic_5] )*100" VB #</Process><Process ToolSource="c:\program files (x86)\arcgis\desktop10.3\ArcToolbox\Toolboxes\Data Management Tools.tbx\CalculateField" Date="20180525" Time="120449">CalculateField ColoniasAHI__Vulnerab_TlalpanIGg PVFisic_2 "[AVFisic_2] /( [AVFisic_0] + [AVFisic_1] + [AVFisic_2] + [AVFisic_3] + [AVFisic_4] + [AVFisic_5] )*100" VB #</Process><Process ToolSource="c:\program files (x86)\arcgis\desktop10.3\ArcToolbox\Toolboxes\Data Management Tools.tbx\CalculateField" Date="20180525" Time="120504">CalculateField ColoniasAHI__Vulnerab_TlalpanIGg PVFisic_3 "[AVFisic_3] /( [AVFisic_0] + [AVFisic_1] + [AVFisic_2] + [AVFisic_3] + [AVFisic_4] + [AVFisic_5] )*100" VB #</Process><Process ToolSource="c:\program files (x86)\arcgis\desktop10.3\ArcToolbox\Toolboxes\Data Management Tools.tbx\CalculateField" Date="20180525" Time="120515">CalculateField ColoniasAHI__Vulnerab_TlalpanIGg PVFisic_4 "[AVFisic_4] /( [AVFisic_0] + [AVFisic_1] + [AVFisic_2] + [AVFisic_3] + [AVFisic_4] + [AVFisic_5] )*100" VB #</Process><Process ToolSource="c:\program files (x86)\arcgis\desktop10.3\ArcToolbox\Toolboxes\Data Management Tools.tbx\CalculateField" Date="20180525" Time="120529">CalculateField ColoniasAHI__Vulnerab_TlalpanIGg PVFisic_5 "[AVFisic_5] /( [AVFisic_0] + [AVFisic_1] + [AVFisic_2] + [AVFisic_3] + [AVFisic_4] + [AVFisic_5] )*100" VB #</Process><Process ToolSource="c:\program files (x86)\arcgis\desktop10.3\ArcToolbox\Toolboxes\Data Management Tools.tbx\CalculateField" Date="20180525" Time="120607">CalculateField ColoniasAHI__Vulnerab_TlalpanIGg PVSoci_0 "[AVSoci_0] /( [AVSoci_0] + [AVSoci_1] + [AVSoci_2] + [AVSoci_3] + [AVSoci_4] + [AVSoci_5] )*100" VB #</Process><Process ToolSource="c:\program files (x86)\arcgis\desktop10.3\ArcToolbox\Toolboxes\Data Management Tools.tbx\CalculateField" Date="20180525" Time="120622">CalculateField ColoniasAHI__Vulnerab_TlalpanIGg PVSoci_1 "[AVSoci_1] /( [AVSoci_0] + [AVSoci_1] + [AVSoci_2] + [AVSoci_3] + [AVSoci_4] + [AVSoci_5] )*100" VB #</Process><Process ToolSource="c:\program files (x86)\arcgis\desktop10.3\ArcToolbox\Toolboxes\Data Management Tools.tbx\CalculateField" Date="20180525" Time="120633">CalculateField ColoniasAHI__Vulnerab_TlalpanIGg PVSoci_2 "[AVSoci_2] /( [AVSoci_0] + [AVSoci_1] + [AVSoci_2] + [AVSoci_3] + [AVSoci_4] + [AVSoci_5] )*100" VB #</Process><Process ToolSource="c:\program files (x86)\arcgis\desktop10.3\ArcToolbox\Toolboxes\Data Management Tools.tbx\CalculateField" Date="20180525" Time="120644">CalculateField ColoniasAHI__Vulnerab_TlalpanIGg PVSoci_3 "[AVSoci_3] /( [AVSoci_0] + [AVSoci_1] + [AVSoci_2] + [AVSoci_3] + [AVSoci_4] + [AVSoci_5] )*100" VB #</Process><Process ToolSource="c:\program files (x86)\arcgis\desktop10.3\ArcToolbox\Toolboxes\Data Management Tools.tbx\CalculateField" Date="20180525" Time="120657">CalculateField ColoniasAHI__Vulnerab_TlalpanIGg PVSoci_4 "[AVSoci_4] /( [AVSoci_0] + [AVSoci_1] + [AVSoci_2] + [AVSoci_3] + [AVSoci_4] + [AVSoci_5] )*100" VB #</Process><Process ToolSource="c:\program files (x86)\arcgis\desktop10.3\ArcToolbox\Toolboxes\Data Management Tools.tbx\CalculateField" Date="20180525" Time="120709">CalculateField ColoniasAHI__Vulnerab_TlalpanIGg PVSoci_5 "[AVSoci_5] /( [AVSoci_0] + [AVSoci_1] + [AVSoci_2] + [AVSoci_3] + [AVSoci_4] + [AVSoci_5] )*100" VB #</Process><Process ToolSource="c:\program files (x86)\arcgis\desktop10.3\ArcToolbox\Toolboxes\Data Management Tools.tbx\CalculateField" Date="20180525" Time="120838">CalculateField ColoniasAHI__Vulnerab_TlalpanIGg suma "[PVulTot_0]+ [PVulTot_1]+ [PVulTot_2]+ [PVulTot_3]+ [PVulTot_4]+ [PVulTot_5]+ [PVAmb_0]+ [PVAmb_1]+ [PVAmb_2]+ [PVAmb_3]+ [PVAmb_4]+ [PVAmb_5]+ [PVEcon_0]+ [PVEcon_1]+ [PVEcon_2]+ [PVEcon_3]+ [PVEcon_4]+ [PVEcon_5]+ [PVFisic_0]+ [PVFisic_1]+ [PVFisic_2]+ [PVFisic_3]+ [PVFisic_4]+ [PVFisic_5]+ [PVSoci_0]+ [PVSoci_1]+ [PVSoci_2]+ [PVSoci_3]+ [PVSoci_4]+ [PVSoci_5]" VB #</Process></lineage></DataProperties><SyncDate>20180526</SyncDate><SyncTime>11441100</SyncTime><ModDate>20180526</ModDate><ModTime>11441100</ModTime></Esri><dataIdInfo><envirDesc Sync="TRUE"> Version 6.2 (Build 9200) ; Esri ArcGIS 10.3.0.4322</envirDesc><dataLang><languageCode value="spa" Sync="TRUE"></languageCode><countryCode value="MEX" Sync="TRUE"></countryCode></dataLang><idCitation><resTitle Sync="TRUE">Colonias_TlalpanIGg</resTitle><presForm><PresFormCd value="005" Sync="TRUE"></PresFormCd></presForm></idCitation><spatRpType><SpatRepTypCd value="001" Sync="TRUE"></SpatRepTypCd></spatRpType></dataIdInfo><mdLang><languageCode value="spa" Sync="TRUE"></languageCode><countryCode value="MEX" Sync="TRUE"></countryCode></mdLang><mdChar><CharSetCd value="004" Sync="TRUE"></CharSetCd></mdChar><distInfo><distFormat><formatName Sync="TRUE">Shapefile</formatName></distFormat><distTranOps><transSize Sync="TRUE">0.000</transSize></distTranOps></distInfo><mdHrLv><ScopeCd value="005" Sync="TRUE"></ScopeCd></mdHrLv><mdHrLvName Sync="TRUE">dataset</mdHrLvName><refSysInfo><RefSystem><refSysID><identCode code="32614" Sync="TRUE"></identCode><idCodeSpace Sync="TRUE">EPSG</idCodeSpace><idVersion Sync="TRUE">8.2.6</idVersion></refSysID></RefSystem></refSysInfo><spatRepInfo><VectSpatRep><geometObjs Name="Colonias_TlalpanIGg"><geoObjTyp><GeoObjTypCd value="002" Sync="TRUE"></GeoObjTypCd></geoObjTyp><geoObjCnt Sync="TRUE">0</geoObjCnt></geometObjs><topLvl><TopoLevCd value="001" Sync="TRUE"></TopoLevCd></topLvl></VectSpatRep></spatRepInfo><spdoinfo><ptvctinf><esriterm Name="Colonias_TlalpanIGg"><efeatyp Sync="TRUE">Simple</efeatyp><efeageom code="4" Sync="TRUE"></efeageom><esritopo Sync="TRUE">FALSE</esritopo><efeacnt Sync="TRUE">0</efeacnt><spindex Sync="TRUE">FALSE</spindex><linrefer Sync="TRUE">TRUE</linrefer></esriterm></ptvctinf></spdoinfo><eainfo><detailed Name="Colonias_TlalpanIGg"><enttyp><enttypl Sync="TRUE">Colonias_TlalpanIGg</enttypl><enttypt Sync="TRUE">Feature Class</enttypt><enttypc Sync="TRUE">0</enttypc></enttyp><attr><attrlabl Sync="TRUE">FID</attrlabl><attalias Sync="TRUE">FID</attalias><attrtype Sync="TRUE">OID</attrtype><attwidth Sync="TRUE">4</attwidth><atprecis Sync="TRUE">0</atprecis><attscale Sync="TRUE">0</attscale><attrdef Sync="TRUE">Internal feature number.</attrdef><attrdefs Sync="TRUE">Esri</attrdefs><attrdomv><udom Sync="TRUE">Sequential unique whole numbers that are automatically generated.</udom></attrdomv></attr><attr><attrlabl Sync="TRUE">Shape</attrlabl><attalias Sync="TRUE">Shape</attalias><attrtype Sync="TRUE">Geometry</attrtype><attwidth Sync="TRUE">0</attwidth><atprecis Sync="TRUE">0</atprecis><attscale Sync="TRUE">0</attscale><attrdef Sync="TRUE">Feature geometry.</attrdef><attrdefs Sync="TRUE">Esri</attrdefs><attrdomv><udom Sync="TRUE">Coordinates defining the features.</udom></attrdomv></attr><attr><attrlabl Sync="TRUE">Zona</attrlabl><attalias Sync="TRUE">Zona</attalias><attrtype Sync="TRUE">SmallInteger</attrtype><attwidth Sync="TRUE">5</attwidth><atprecis Sync="TRUE">5</atprecis><attscale Sync="TRUE">0</attscale></attr><attr><attrlabl Sync="TRUE">Nombre</attrlabl><attalias Sync="TRUE">Nombre</attalias><attrtype Sync="TRUE">String</attrtype><attwidth Sync="TRUE">254</attwidth><atprecis Sync="TRUE">0</atprecis><attscale Sync="TRUE">0</attscale></attr></detailed></eainfo><mdDateSt Sync="TRUE">20180526</mdDateSt></metadata>
